{
  "bands": {
    "skeleton": {
      "vs": [
        0.2127680778503418,
        0.18078696727752686,
        0.17061454057693481,
        0.17631006240844727,
        0.17736363410949707,
        0.17227250337600708,
        0.17139172554016113,
        0.1774541139602661
      ],
      "median": 0.17683684825897217
    },
    "boy": {
      "vs": [
        0.1567842960357666,
        0.13289141654968262,
        0.11588895320892334,
        0.157401442527771,
        0.15904152393341064,
        0.12663424015045166,
        0.1393136978149414,
        0.13475453853607178
      ],
      "median": 0.1370341181755066
    }
  },
  "cross": {
    "boy母版": 0.5600172281265259,
    "lirael母版": 0.5084007978439331
  },
  "perturb": {
    "clean_walk02": 0.17061454057693481,
    "hue+40°": 0.20647990703582764,
    "hue+90°": 0.23239248991012573,
    "水平翻转": 0.17805927991867065,
    "去饱和": 0.21813619136810303,
    "抹武器块": 0.24929273128509521
  },
  "flick": {
    "skeleton": {
      "min": 0.004633903503417969,
      "max": 0.06114387512207031,
      "mean": 0.02018449136189052
    },
    "boy": {
      "min": 0.02725297212600708,
      "max": 0.0624309778213501,
      "mean": 0.03990463699613299
    }
  },
  "DRIFT_RATIO": 1.45,
  "FLICKER_MAX": 0.1
}